Model,Accuracy,F1-Score,Precision,Recall
Logistic Regression,0.7472677595628415,0.7559122142011862,0.7743209826831638,0.7472677595628415
Random Forest,0.7448770491803278,0.7500267980284321,0.7583890278434166,0.7448770491803278
Support Vector Machine,0.7715163934426229,0.7753597381889122,0.782345722169169,0.7715163934426229
LSTM,0.7827868852459017,0.7723167874789236,0.7715653727872914,0.7827868852459017
Bidirectional LSTM,0.7435109289617486,0.7058950606859072,0.7216788186428071,0.7435109289617486
Twitter-RoBERTa,0.7588797814207651,0.7700779051132067,0.8019444291634577,0.7588797814207651
